name,price
Apple iPad Air/2/Pro/mini 4/3/2 Ultra Thin Bluetooth Keyboard Case,169.00
iPad 2 3 4 Air 2 Mini 1 2 3 4 Pro 360бу Rotate Rotating Leather Case,17.90
Apple Ipad Pro 9.7 Ipad Air 2 Ipad Mini 4 2 3 Leather Flip Cover Case,24.90
Apple iPad Pro 2017 9.7 Air 2 mini 4 3 2 Premium Smart Cover Flip Case,25.99
iPhone 4 5 5S 5SE 6 6S iPad Mini 2 3 4 Air 2 iPad Pro Tempered Glass,10.00
??? Mocoll Tempered Glass Screen Protector 2.5D iPad Pro 10.5 201,159.00
??? Urban Armor Gear UAG Metropolis case iPad Pro 9.7 (2016),199.00
Apple 12.9-inch iPad Pro Wi-Fi 512GB (Apple Warranty),"4,849.00"
Apple 12.9-inch iPad Pro Wi-Fi + Cellular 512GB (Apple Warranty),"5,499.00"
Apple 12.9-inch iPad Pro Wi-Fi 256GB (Apple Warranty),"3,949.00"
Apple 12.9-inch iPad Pro Wi-Fi + Cellular 256GB (Apple Warranty),"4,599.00"
Apple 12.9-inch iPad Pro Wi-Fi 64GB (Apple Warranty),"3,499.00"
Apple 12.9-inch iPad Pro Wi-Fi + Cellular 64GB (Apple Warranty),"4,149.00"
Apple 10.5-inch iPad Pro Wi-Fi 512GB (Apple Warranty),"4,349.00"
Apple 10.5-inch iPad Pro Wi-Fi + Cellular 512GB (Apple Warranty),"4,999.00"
Apple 10.5-inch iPad Pro Wi-Fi 256GB (Apple Warranty),"3,449.00"
Apple 10.5-inch iPad Pro Wi-Fi + Cellular 256GB (Apple Warranty),"4,099.00"
Apple 10.5-inch iPad Pro Wi-Fi 64GB (Apple Warranty),"2,999.00"
Apple 10.5-inch iPad Pro Wi-Fi + Cellular 64GB (Apple Warranty),"3,649.00"
Apple Smart Keyboard for 10.5-inch iPad Pro (US English) - MPTL2ZA/A,699.00
BASEUS iPad 9.7 2017 Pro 9.7 HD Crystal 9H 2.5D 0.3MM Tempered Glass,38.00
STM Studio iPad 5th Gen / iPad Pro 9.7 Inch / iPad Air 1-2 Case,159.00
BASEUS iPad 9.7 2017 Pro 9.7 HD 9H 2.5D ANTI-BLUE Tempered Glass Film,47.00
Apple iPad Pro 9.7 Inch Wi-Fi 128GB (Apple Warranty),"3,099.00"
Apple iPad Pro 12.9 Inch Wi-Fi 32GB (Apple Warranty),"3,499.00"
DJI Mavic Pro Tablet Holder for Remote Control Hold 4 - 12 Inch Tablet iPad Ta,89.00
iPhone ipad mini air Pro 4 5 5S SE 6 6 7 plus Mirror Tempered Glass,2.30
Griffin Survivor Slim Case For iPad Pro - Black (GB40362),198.00
STM Dux Plus iPad Pro 9.7 Inch Case,233.20
STM Dux iPad Pro 9.7 Inch Case Black - STM-222-127JX-01,179.14
STM Dux iPad Pro 12.9 Inch Case Black - STM-222-127L-01,212.00
Apple USB-C to Lightning Cable (1m) for Iphone ipad air 1 2 Pro Fast Charge ca,89.00
iPad Pro 9.7 ROCK Veena SMART Flip Stand Leather Case Cover *FREE,49.84
STM Atlas iPad Pro Case 9.7 Inch,222.60
STM Atlas iPad Pro Case 12.9 Inch,254.40
??? STM: atlas iPad Pro Case (Fabric Cover & Apple Pen Storage),254.00
Apple iPhone iPad Mini air 2 3 4 5 6 6s 7 Plus Pro Tempered Glass,5.90
APPLE IPAD MINI 1 2 3 4 IPAD AIR 2 PRO 9.7 Tough ARMOR KICKSTAND Case,29.90
Apple Pencil For iPad Pro - MK0C2ZA-A,449.00
Mipad/Ipad Air/Ipad Air 2/Ipad mini 1/2/3 Smart Case Casing+Screen Pro,20.10
IPad Mini 1 2 3 4 IPad 2 3 4 Air 2 Pro 9.7 Smart GOLD Standable Case,19.90
Apple iPad Pro 10.5 2017 Smart Case Cover Casing +Free Tempered Glass,56.90
iPad Pro 9.7' 12.9' Flip Smart Case Cover Casing + Screen Protector,58.90
REMAX Super Strong USB Fast Charging Cable Apple iPad Pro Air Mini 2 4,18.98
(ORIGINAL) Apple iPad PRO 9.7 WIFI 32GB,"2,699.00"
CABSTONE 8A 5 USB-C Fast Charger Apple iPad Air Mini PRO 4 3 2 1,229.00
Think Tank Photo My 2nd Brain 13-fit a MacBook Pro/Air? 13??? + any iPad,475.00
Ready Stock@ iPad Pro 10.5 2017 9H Tempered Glass Screen Protector,28.90
iPhone 4 5 5S 6 7 Plus iPad mini pro Anti Blue Ray Light Tempered Glass,9.98
CABSTONE 6A 2 USB-C Fast Charger Apple iPad Air Mini PRO 4 3 2 1,169.00
100% ORIGINAL 12W USB Charger Adapter Head A1401 Apple iPad Air 2 Pro,62.98
100% ORIGINAL 12W Charger A1401 USB Cable Apple iPad Air 1 2 Pro ~3Pin,89.98
ORIGINAL 12000mAh Vivis VTB-80B LED Power Bank iPad Pro Air Mini 1 2 3,92.98
20000mAh Vivis LED Display Dual 2.1A Power Bank iPad Air Pro mini 2 4,169.98
100% ORIGINAL USB Charging Data Cable Apple iPad Pro /Air 2 /mini 3 4,36.98
MiraScreen OT7571 HDTV TV HDMI WiFi Cable iPad Pro Air mini ~Wireless,132.98
iPad Pro 9.7 UAG Rugged Folio Case - Original ,199.00
iPad Pro 9.7 Tempered G;lass Screen Protector ,38.00
iPad Pro 9.7 Tempered Glass Screen Protector,38.00
(ORIGINAL) Apple iPad PRO 9.7 32GB 128GB WIFI / 4G LTE,"2,669.00"
